"rsID"	"h2"	"pos"	"gene"	"updist"	"downdist"	"context"	"raf"
"rs4420638"	0.00990629267869908	44919689	"APOC1"	-999	-999	"nearGene-3"	"0.22"
"rs693"	0.0138528205098106	21009323	"APOB"	-999	-999	"cds-synon"	"0.49"
"rs1800775"	0.0138798156243909	56961324	"CETP"	-999	-999	"nearGene-5"	"0.47"
"rs328"	0.0645754723197232	19962213	"LPL"	-999	-999	"STOP-GAIN"	"0.10"
"rs17145738"	0.0422962819743035	73568544	"TBL2"	-999	-999	"nearGene-3"	"0.13"
"rs17321515"	0.0304528468861097	125474167	"TRIB1 - LINC00861"	35.76	448.36	"Intergenic"	"0.49"
"rs4846914"	0.0225434232660853	230159944	"GALNT2"	-999	-999	"intron"	"0.40"
"rs16996148"	0.0159607280655323	19547663	"CILP2 - PBX4"	1	14.04	"Intergenic"	"0.10"
"rs12130333"	0.0109319295416981	62726106	"RPL13AP9 - ATG4C"	84.41	58	"Intergenic"	"0.22"
"rs28927680"	0.0251381237768456	116748357	"BUD13"	-999	-999	"ncRNA"	"0.07"
"rs780094"	0.0433795850504921	27518370	"GCKR"	-999	-999	"intron"	"0.34"
"rs3812316"	0.0198855366784065	73606007	"MLXIPL"	-999	-999	"missense"	"0.95"
"rs1558861"	0.0527978249212639	116736721	"RPL15P15 - BUD13"	785.92	11.45	"Intergenic"	"0.18"
"rs326"	0.0255809217677553	19961928	"LPL"	-999	-999	"intron"	"0.78"
"rs2075292"	0.0140719112490032	116861796	"SIK3"	-999	-999	"intron"	"0.24"
"rs1748195"	0.00452367572980096	62583922	"DOCK7"	-999	-999	"intron"	"0.70"
"rs4775041"	0.00349889013891381	58382496	"LOC102724766"	-999	-999	"intron"	"0.33"
"rs12286037"	0.0129027254381699	116781491	"ZPR1"	-999	-999	"intron"	"0.06"
"rs10503669"	0.0238416799051315	19990179	"LPL - RPL30P9"	22.92	123.16	"Intergenic"	"0.90"
"rs2144300"	0.00268223380479589	230159169	"GALNT2"	-999	-999	"intron"	"0.40"
"rs1167998"	0.00271398618564557	62465961	"DOCK7"	-999	-999	"intron"	"0.32"
"rs6754295"	0.00166468719758442	20983311	"C2orf43 - APOB"	160.18	18.12	"Intergenic"	"0.25"
"rs10096633"	0.0102617045807618	19973410	"LPL - RPL30P9"	6.15	139.93	"Intergenic"	"0.88"
"rs439401"	0.00332174662660008	44911194	"APOE - APOC1"	1.8	3.13	"Intergenic"	"0.68"
"rs2240466"	0.0027899117195334	73441939	"BAZ1B"	-999	-999	"intron"	"0.87"
"rs12272004"	0.00286586221820818	116733008	"RPL15P15 - BUD13"	782.21	15.16	"Intergenic"	"0.93"
"rs2304130"	0.00280898703228797	19678719	"ZNF101"	-999	-999	"intron"	"0.07"
"rs174547"	0.00289127408482779	61803311	"FADS1"	-999	-999	"intron"	"0.33"
"rs7679"	0.00208821479766372	45947863	"PCIF1"	-999	-999	"UTR-3"	"0.19"
"rs7819412"	0.00149504091943491	11187652	"XKR6"	-999	-999	"intron"	"0.48"
"rs964184"	0.0484360132321337	116778201	"ZPR1"	-999	-999	"intron"	"0.14"
"rs12678919"	0.0238823217113176	19986711	"LPL - RPL30P9"	19.45	126.63	"Intergenic"	"0.10"
"rs1260326"	0.0293557850255593	27508073	"GCKR"	-999	-999	"missense"	"0.45"
"rs2954029"	0.0168849223063782	125478730	"TRIB1 - LINC00861"	40.33	443.79	"Intergenic"	"0.44"
"rs714052"	0.00587789846971493	73450539	"BAZ1B"	-999	-999	"intron"	"0.12"
"rs7557067"	0.00228973648306355	20985339	"C2orf43 - APOB"	162.21	16.09	"Intergenic"	"0.22"
"rs17216525"	0.00214316377099488	19551411	"CILP2 - PBX4"	4.75	10.3	"Intergenic"	"0.07"
"rs10889353"	0.00514448069395575	62652525	"DOCK7"	-999	-999	"intron"	"0.33"
"rs10892151"	0.133735139574389	117661016	"DSCAML1"	-999	-999	"intron"	"0.028"
"rs7350481"	0.0237495700863288	116715567	"RPL15P15 - BUD13"	764.77	32.6	"Intergenic"	"0.43"
"rs1042034"	0.00207093756610457	21002409	"APOB"	-999	-999	"missense"	"0.22"
"rs2131925"	0.00542163993361937	62560271	"DOCK7"	-999	-999	"intron"	"0.32"
"rs10401969"	0.00457339200514763	19296909	"SUGP1"	-999	-999	"intron"	"0.07"
"rs174546"	0.00278290352400349	61802358	"FADS1"	-999	-999	"UTR-3"	"0.34"
"rs2247056"	0.000642088576321733	31297713	"TRNAI25"	-999	-999	""	"0.25"
"rs10761731"	0.000977000736691218	63267850	"JMJD1C"	-999	-999	"intron"	"0.43"
"rs442177"	0.00346240580840432	87109109	"AFF1"	-999	-999	"intron"	"0.41"
"rs2929282"	0.000824561044117275	43953733	"FRMD5"	-999	-999	"intron"	"0.05"
"rs9686661"	0.00111754891638557	56565959	"LOC101928448"	-999	-999	"intron"	"0.2"
"rs10195252"	0.000408394911896094	164656581	"LOC101929615"	-999	-999	"intron"	"0.4"
"rs11613352"	0.00097097693573031	57398797	"R3HDM2"	-999	-999	"intron"	"0.23"
"rs13238203"	0.000595905700705799	72664689	"TYW1B"	-999	-999	"intron"	"0.04"
"rs11776767"	0.00078574094026725	10826419	"PINX1;MIR1322"	-999	-999	"intron;nearGene-5"	"0.37"
"rs2412710"	0.000780193035220812	42391589	"CAPN3"	-999	-999	"intron"	"0.02"
"rs2068888"	0.000780193035220812	93079885	"CYP26A1 - NIP7P1"	2	25.86	"Intergenic"	"0.47"
"rs645040"	0.000819714480717642	136207780	"RPL31P23 - PCCB"	1.85	42.55	"Intergenic"	"0.22"
"rs11649653"	0.00058256727877476	30907166	"CTF2P"	-999	-999	""	"0.4"
"rs5756931"	0.000615613939937973	38150026	"PLA2G6"	-999	-999	"intron"	"0.4"
"rs6544366"	0.00146665142145785	20981153	"C2orf43 - APOB"	158.02	20.28	"Intergenic"	"0.22"
"rs4938303"	0.00493904696503398	116714271	"RPL15P15 - BUD13"	763.47	33.9	"Intergenic"	"0.75"
"rs1168013"	0.00159772563477719	62531167	"DOCK7"	-999	-999	"intron"	"0.65"
"rs1260333"	0.00450673890770861	27525757	"GCKR - C2orf16"	2.07	50.77	"Intergenic"	"0.55"
"rs1178979"	0.00272803524764521	73442100	"BAZ1B"	-999	-999	"intron"	"0.80"
"rs10105606"	0.00621124950001843	19970337	"LPL - RPL30P9"	3.08	143	"Intergenic"	"0.68"
"rs6867983"	0.00117310639605008	56558326	"LOC101928448"	-999	-999	"intron"	"0.12"
"rs174548"	0.00313445723833193	61803876	"FADS1"	-999	-999	"intron"	"0.17"
"rs780092"	0.00907514618297379	27520287	"GCKR"	-999	-999	"intron"	"0.33"
"rs2286276"	0.00503039877206444	73573024	"TBL2"	-999	-999	"intron"	"0.10"
"rs2001945"	0.00682082253577476	125465736	"TRIB1 - LINC00861"	27.33	456.79	"Intergenic"	"0.42"
"rs603446"	0.0299414544223097	116783719	"ZPR1"	-999	-999	"intron"	"0.23"
"rs651821"	0.0517590771916853	116791863	"APOA5"	-999	-999	"UTR-5"	"NR"
"rs671"	0.0106821802606406	111803962	"ALDH2"	-999	-999	"missense"	"NR"
"rs4665972"	0.00290288213912108	27375230	"SNX17"	-999	-999	"intron"	"0.123"
"rs6589566"	0.00506969640623968	116781707	"ZPR1"	-999	-999	"intron"	"0.0176"
"rs12721054"	0.00721084333894697	44919330	"APOC1"	-999	-999	"UTR-3"	"0.1137"
"rs17410962"	0.00296592410270622	19990569	"LPL - RPL30P9"	23.31	122.77	"Intergenic"	"0.112"
"rs2160669"	0.00608818529515268	116776891	"BUD13 - ZPR1"	3.89	1.67	"Intergenic"	"0.73"
"rs1832007"	0.000512274573841377	5212884	"AKR1C4"	-999	-999	"intron"	"0.18"
"rs3764261"	0.00113602693217007	56959412	"HERPUD1 - CETP"	15.53	2.51	"Intergenic"	"0.32"
"rs7248104"	0.000398137986318496	7224420	"INSR;LOC100996405"	-999	-999	"intron;UTR-3"	"0.42"
"rs2972146"	0.000647244564699642	226235982	"NYAP2 - MIR5702"	581.96	422.73	"Intergenic"	"0.37"
"rs1532085"	0.000799501246312816	58391167	"LOC102724766"	-999	-999	"intron"	"0.40"
"rs6831256"	0.000512274573841377	3471412	"DOK7"	-999	-999	"intron"	"0.42"
"rs38855"	0.000322262365387947	116717990	"MET"	-999	-999	"intron"	"0.47"
"rs4722551"	0.000433524540852121	25952206	"MIR148A - NFE2L3"	2.22	200.02	"Intergenic"	"0.2"
"rs8077889"	0.000336489271439506	43800798	"MPP3"	-999	-999	"nearGene-3"	"0.22"
"rs1495741"	0.000503875479523673	18415371	"NAT2 - PSD3"	14.16	111.93	"Intergenic"	"0.26"
"rs3198697"	0.000322262365387947	15036083	"PDXDC1"	-999	-999	"cds-synon"	"0.43"
"rs731839"	0.000361236300377246	33408159	"PEPD"	-999	-999	"intron"	"0.35"
"rs12748152"	0.000383852907475483	26811902	"PIGV - ZDHHC18"	13.5	14.81	"Intergenic"	"0.09"
"rs6065906"	0.00156964981875371	45925376	"PLTP - PCIF1"	13.01	9.3	"Intergenic"	"0.19"
"rs6882076"	0.000655675410352621	156963286	"TIMD4"	-999	-999	"nearGene-5"	"0.36"
"rs998584"	0.000647244564699642	43790159	"TRNAI25"	-999	-999	""	"0.49"
"rs4765127"	0.000322262365387947	123975620	"ZNF664;ZNF664-FAM101A;LOC102723902"	-999	-999	"intron;intron;intron"	"0.35"
