"label"	"value"
"rs1042725"	0.0236529310033513
"rs6763931"	0.00756570367721365
"rs798544"	0.00192074882334345
"rs3748069"	0.00179630259893224
"rs1812175"	0.00620442059926874
"rs12198986"	0.00141781794854049
"rs11205277"	0.00234597555152572
"rs678962"	0.000958347080174479
"rs2274432"	0.00104108979699969
"rs3791679"	0.00301812302347188
"rs6830062"	0.0055798716457404
"rs10946808"	0.00925443192820666
"rs185819"	0.000958347080174479
"rs1776897"	0.00594861785237005
"rs4713858"	0.000940361069225072
"rs2282978"	0.0105007034843093
"rs10958476"	0.00117710866474247
"rs7846385"	0.000926416151502022
"rs4743034"	0.000983711457217437
"rs8756"	0.00868123441944972
"rs4533267"	0.000958347080174479
"rs3760318"	0.0011280389197884
"rs4794665"	0.000883135149064223
"rs757608"	0.000915026407898265
"rs4800148"	0.00108454470589157
"rs967417"	0.000983711457217437
"rs6733301"	0.000753664884939656
"rs1052483"	0.00073980963310821
"rs749052"	0.00073980963310821
"rs4345115"	0.000619372553787829
"rs710841"	0.00310889379713932
"rs31198"	0.000611136742336135
"rs12199222"	0.000761959878542355
"rs9395066"	0.000611136742336135
"rs314268"	0.000753664884939656
"rs9487094"	0.000653931204603177
"rs1490388"	0.000771539258587634
"rs6899976"	0.000628885157703315
"rs2814828"	0.00074635057383372
"rs946053"	0.000839912356283853
"rs2187642"	0.000696825686308445
"rs11611208"	0.000696825686308445
"rs11177669"	0.000671722524135155
"rs3825199"	0.000839912356283853
"rs1239947"	0.000611136742336135
"rs2554380"	0.00074635057383372
"rs2326458"	0.000753664884939656
"rs7209435"	0.000761959878542355
"rs7249094"	0.00073980963310821
"rs5751614"	0.000628885157703315
"rs1474563"	0.000671722524135155
"rs6088792"	0.000753664884939656
"rs7153027"	0.00131640410836299
"rs724016"	0.00861145078385029
"rs4896582"	0.0047610774655744
"rs1492820"	0.00285671757691111
"rs8007661"	0.00235328061082887
"rs314277"	0.00200842514141398
"rs12986413"	0.00187408964004175
"rs2562784"	0.00178944831516559
"rs9650315"	0.00155832706493972
"rs2040494"	0.00155832706493972
"rs2730245"	0.00159331805993941
"rs7466269"	0.00200015398513547
"rs7869550"	0.00144703256418679
"rs12449568"	0.00136301405088698
"rs763014"	0.00125220873457483
"rs17104630"	0.00119550165264967
"rs6060369"	0.00427750733728701
"rs6440003"	0.00941047965274172
"rs6060373"	0.00517898921519563
"rs16896068"	0.00386360416933841
"rs4549631"	0.00373289950831159
"rs3791675"	0.0130844062979385
"rs2814993"	0.00343645142381846
"rs10512248"	0.00310854484012138
"rs12735613"	0.00310854484012138
"rs11107116"	0.00384527102942922
"rs6854783"	0.00255264259191899
"rs1390401"	0.00242272889817132
"rs3116602"	0.00237505748887344
"rs6686842"	0.00222644982886417
"rs10906982"	0.0043251668118994
"rs6724465"	0.00222644982886417
"rs10935120"	0.00204940796981463
"rs8041863"	0.00203055817321746
"rs8099594"	0.00184422238278808
"rs1635852"	0.00921895369641945
"rs10816533"	0.0337109112959214
"rs11809207"	0.00224387584285149
"rs10472828"	0.00449794771590492
"rs13437082"	0.00227176875940508
"rs6570507"	0.00561886337786732
"rs1182188"	0.00270309667373531
"rs849141"	0.00341179778740926
"rs3118914"	0.00301284763037348
"rs910316"	0.00216577081975347
"rs4842838"	0.00374223344428564
"rs6088813"	0.00429223507487342
"rs7815788"	0.00157041977123177
"rs7871764"	0.00170933472117705
"rs6918981"	0.00678478062547476
"rs17038182"	0.00273633684713374
"rs10513137"	0.00834637860115422
"rs13273123"	0.00643943910873837
"rs6717918"	0.00338146560617535
"rs139909"	0.00257727214699415
"rs10898392"	0.00206189937005215
"rs5757949"	0.00200736162922891
"rs1569019"	0.0299533563241964
"rs41464348"	0.00216574338542907
"rs11989122"	0.00219895359501758
"rs10961780"	0.00243610030190721
"rs16910061"	0.00234848698243551
"rs2315504"	0.00213698941285328
"rs2079795"	0.00311871055652536
"rs10948197"	0.00213698941285328
"rs7032940"	0.00234848698243551
"rs2292303"	0.00213698941285328
"rs1520223"	0.00260891642205084
"rs4811971"	0.00219895359501758
"rs7678436"	0.00301296319570386
"rs7742369"	0.0027613780638388
"rs7833986"	0.00186877044233562
"rs9825379"	0.0016695452601931
"rs7571816"	0.00162951346728852
"rs12338076"	0.00155074201753476
"rs5742692"	0.00148244069615176
"rs3769528"	0.00141421748026596
"rs4886707"	0.00141421748026596
"rs3738814"	0.00132416416321537
"rs2305707"	0.00120132219011911
"rs798497"	0.00120132219011911
"rs11170631"	0.00117672282686819
"rs2236164"	0.00109867152903992
"rs6585827"	0.00109867152903992
"rs8002779"	0.00105910720354342
"rs4369779"	0.00105910720354342
"rs16859517"	0.00100933404163377
"rs1175000"	0.00100933404163377
"rs6563943"	0.00099158989438524
"rs6561030"	0.000976596329728143
"rs756199"	0.000976596329728143
"rs1136001"	0.000976596329728143
"rs7183263"	0.0021358748949666
"rs7498403"	0.0368149857114356
"rs16942341"	0.00086224579698342
"rs6457821"	0.000362625743751727
"rs2780226"	0.000886088473750716
"rs7689420"	0.001676162195053
"rs143384"	0.0019421101675125
"rs12902421"	0.000222222448738938
"rs17511102"	0.000565993491623959
"rs3782089"	0.000386245235711738
"rs3118905"	0.00149763886337187
"rs2066807"	0.000406608995569002
"rs13088462"	0.000285079364413273
"rs6470764"	0.000906628639011423
"rs16964211"	0.000261604888003983
"rs11144688"	0.000339032938108901
"rs7763064"	0.00108758580726441
"rs9456307"	0.000261604888003983
"rs798489"	0.00107730554761447
"rs2580816"	0.000685838404765352
"rs7759938"	0.000988464096896391
"rs1046934"	0.00100901671645655
"rs11259936"	0.00114561378054483
"rs788867"	0.000884343463676932
"rs9360921"	0.000390469716022212
"rs2665838"	0.000790744547319344
"rs9428104"	0.000719894548836786
"rs7274811"	0.000685838404765352
"rs2284746"	0.000930478519987286
"rs17346452"	0.000746404664344467
"rs13177718"	0.000222222448738938
"rs6569648"	0.000678285045522866
"rs2145272"	0.00077022357408985
"rs9967417"	0.000782043197873867
"rs2597513"	0.000276911978797937
"rs4282339"	0.000479615400685234
"rs3812163"	0.000746404664344467
"rs11830103"	0.000453950860372914
"rs3764419"	0.00066803697474938
"rs6439167"	0.00044201696248192
"rs543650"	0.000542244882229336
"rs12534093"	0.000430270368669169
"rs11648796"	0.000406608995569002
"rs7567288"	0.000362625743751727
"rs1047014"	0.00039642503575758
"rs3129109"	0.000532020538003726
"rs2093210"	0.000515820102480349
"rs4986172"	0.000498073106581209
"rs9863706"	0.000386245235711738
"rs422421"	0.00037279502498173
"rs2110001"	0.000390469716022212
"rs5742915"	0.000474361968370521
"rs4072910"	0.000386245235711738
"rs2154319"	0.000362625743751727
"rs12153391"	0.000352461404843003
"rs889014"	0.000475913734105122
"rs227724"	0.000445714902608322
"rs12982744"	0.000492098169931433
"rs274546"	0.000479615400685234
"rs6457620"	0.000498073106581209
"rs6473015"	0.000378029705761501
"rs2856321"	0.000450666566914993
"rs891088"	0.000362625743751727
"rs4601530"	0.000362625743751727
"rs6684205"	0.000362625743751727
"rs11684404"	0.000406608995569002
"rs11599750"	0.00039642503575758
"rs7971536"	0.000409888349984748
"rs862034"	0.000411850942859912
"rs4965598"	0.000386245235711738
"rs17782313"	0.000318735378525249
"rs2336725"	0.00037279502498173
"rs11958779"	0.000362625743751727
"rs10838801"	0.000352461404843003
"rs6714546"	0.000261604888003983
"rs9835332"	0.000382968992302037
"rs9472414"	0.000261604888003983
"rs1468758"	0.000271709213665396
"rs2145998"	0.000386245235711738
"rs1570106"	0.000241424268762177
"rs11118346"	0.000362625743751727
"rs822552"	0.000222222448738938
"rs1013209"	0.000261604888003983
"rs10874746"	0.000310548705360007
"rs12694997"	0.000238179698483486
"rs9844666"	0.000251509679790735
"rs961764"	0.000339032938108901
"rs6959212"	0.000261604888003983
"rs7853377"	0.000214813000365953
"rs7155279"	0.000305333115524483
"rs955748"	0.000218048819786697
"rs1582931"	0.000295202593388767
"rs7112925"	0.000273245861371073
"rs7926971"	0.000285079364413273
"rs7332115"	0.00027916122924399
"rs1043515"	0.000289279968430563
"rs1741344"	0.000255698421014838
"rs1325598"	0.000271709213665396
"rs6879260"	0.000261604888003983
"rs3110496"	0.000243366377387083
"rs10863936"	0.000261604888003983
"rs7909670"	0.000255698421014838
"rs7178424"	0.000245608856610417
"rs1046943"	0.000222222448738938
"rs494459"	0.000228108413510866
"rs7532866"	0.000222222448738938
"rs6699417"	0.000248261798590447
"rs2072153"	0.000218048819786697
"rs4605213"	0.000222222448738938
"rs425277"	0.000228108413510866
"rs7864648"	0.000228108413510866
"rs1330"	0.000248261798590447
"rs1814175"	0.000228108413510866
"rs2629046"	0.000342302285018502
"rs10010325"	0.000318735378525249
"rs4640244"	0.000228108413510866
"rs1738475"	0.000356679369434815
"rs2341459"	0.000274963917339021
"rs2247341"	0.000328881181341098
"rs654723"	0.000318735378525249
"rs7319045"	0.000339032938108901
"rs11867479"	0.000295202593388767
"rs2279008"	0.000222222448738938
"rs310405"	0.00039642503575758
"rs751543"	0.000276911978797937
"rs8181166"	0.000356679369434815
"rs2834442"	0.00034919031519022
"rs5017948"	0.000222222448738938
"rs1659127"	0.000339032938108901
"rs12474201"	0.000390469716022212
"rs7697556"	0.000430270368669169
"rs12680655"	0.000430270368669169
"rs17780086"	0.000222222448738938
"rs4665736"	0.000479615400685234
"rs720390"	0.000430270368669169
"rs4470914"	0.000273245861371073
"rs7849585"	0.000416796914166974
"rs8052560"	0.000222222448738938
"rs17081935"	0.000318735378525249
"rs526896"	0.00039642503575758
"rs9969804"	0.000511578869490624
"rs2778031"	0.000374341203558003
"rs7027110"	0.00039642503575758
"rs4821083"	0.000289279968430563
"rs10799445"	0.00039642503575758
"rs10037512"	0.000565993491623959
"rs2638953"	0.000513547440050514
"rs17318596"	0.000484571961614187
"rs572169"	0.000560009442894208
"rs10770705"	0.000545536862329711
"rs1351164"	0.000430270368669169
"rs1173727"	0.00066803697474938
"rs1490384"	0.000657790327543298
"rs1950500"	0.000565993491623959
"rs26868"	0.00050984254423242
"rs17806888"	0.000261604888003983
"rs7507204"	0.000487859445396879
"rs7567851"	0.000222222448738938
"rs10748128"	0.000634004116087976
"rs634552"	0.000386245235711738
"rs2256183"	0.000920206490318013
"rs1708299"	0.000788045459192525
"rs12470505"	0.000340576536516253
"rs10152591"	0.000289279968430563
"rs237743"	0.000644247265070972
"rs17391694"	0.000328881181341098
"rs2237886"	0.00039642503575758
"rs4800452"	0.000964606047401731
"rs806794"	0.00129256283627694
"rs42235"	0.00153513727527889
"rs2871865"	0.000662042894474035
"rs7460090"	0.000851978610055648
"rs1351394"	0.00217115733503736
"rs473902"	0.000532020538003726
"rs1257763"	0.000271709213665396
"rs6449353"	0.00150293416454539
"rs2280470"	0.000440466776916127
"rs10859563"	0.000356679369434815
"rs750460"	0.000352461404843003
"rs6938239"	0.000346518048491819
"rs7652177"	0.000310548705360007
"rs7916441"	0.00027916122924399
"rs3792752"	0.000276911978797937
"rs2353398"	0.000261604888003983
"rs2724475"	0.000261604888003983
"rs2070776"	0.000239711532242899
"rs1401796"	0.000228108413510866
"rs4711336"	0.000222222448738938
"rs6892884"	0.000218048819786697
"rs1367226"	0.000218048819786697
"rs2421992"	0.000214813000365953
"rs225694"	0.000204770392054521
"rs10187066"	0.000194741957251979
"rs879882"	0.000194741957251979
"rs17818399"	0.0138868215046298
"rs17638464"	0.011900750388944
"rs11888559"	0.011900750388944
"rs6670655"	0.0114766610279112
"rs2660869"	0.0114766610279112
"rs2277912"	0.0109426737658869
"rs2691543"	0.0109426737658869
"rs2553026"	0.00138653217723668
"rs6435999"	0.00115468285073559
"rs3791950"	0.00105601321760452
"rs2589113"	0.00149055727821125
"rs4315565"	0.00155628056771974
"rs6773931"	0.00135932408347203
"rs724577"	0.00309546293671619
"rs994014"	0.00179626513460576
"rs27855"	0.000991030165282727
"rs2937550"	0.000926195771846668
"rs1361108"	0.000915194871134682
"rs853356"	0.00101798349757069
"rs1150781"	0.00149055727821125
"rs9470004"	0.0022140257364233
"rs2224391"	0.00101798349757069
"rs7007970"	0.000953085293310045
"rs733254"	0.00105601321760452
"rs6982250"	0.00112112892063271
"rs941873"	0.00120738775374844
"rs12321906"	0.000970141083581142
"rs7979673"	0.00180897179222997
"rs6563210"	0.00115468285073559
"rs724743"	0.00133822962018157
"rs2351491"	0.0017091205570036
"rs420017"	0.000938673399336679
"rs11658329"	0.00642534600810653
"rs2854160"	0.00140378271796441
"rs1787200"	0.00651619397840303
"rs2523178"	0.000926195771846668
"rs12393627"	0.007958648936607
"rs1383484"	0.00113103743544543
"rs1549519"	0.00401262788862833
"rs925098"	0.00691315961202834
"rs606452"	0.00427291403958003
"rs7968682"	0.00465465769728067
"rs3889237"	0.00363185612273875
"rs12612930"	0.00600302049263796
"rs11021504"	0.00491453619129806
"rs3816804"	0.00520366886695888
"rs3751599"	0.00573240708507375
"rs11082671"	0.00464467035885763
"rs17382723"	0.00384889452099878
"rs11923600"	0.00288954027077315
"rs16895057"	0.0031752807018253
"rs10509091"	0.00297326041230301
"rs10773568"	0.0031752807018253
"rs154663"	0.00352707116871747
"Unknown"	0.225519248303649
